{
    "data": [
        {
            "FuelVelocity": 10000.0,
            "FuelLoss": 1.0,
            "SideFuelVelocity": 15000.0,
            "SideFuelLoss": 1,
            "FuelMass": 30000.0,
            "AllowedVelocity": 40.0,
            "Mass": 5000.0,
            "G": 9.800000190734864,
            "DeltaTime": 0.009999999776482582,
            "DeltaTimeForGraphsInput": 0.20000000298023225,
            "Seed": 123123123,
            "MinDistance": 2000,
            "MaxDistance": 3000
        }
    ]
}